{"dist_coeff": [[0.12775920724930834, 0.515183227200236, 0.00494531465162031, 0.002579430299281693, -3.0466341220339035]], "camera_matrix": [[1290.2175053288329, 0.0, 648.7908992711672], [0.0, 1288.6697035591174, 370.85870808100117], [0.0, 0.0, 1.0]]}